Titulo,Precio,Descripcion
A Light in the Attic,Â£51.77,Sin descripción
Tipping the Velvet,Â£53.74,Sin descripción
Soumission,Â£50.10,Sin descripción
Sharp Objects,Â£47.82,Sin descripción
Sapiens: A Brief History of Humankind,Â£54.23,Sin descripción
The Requiem Red,Â£22.65,Sin descripción
The Dirty Little Secrets of Getting Your Dream Job,Â£33.34,Sin descripción
"The Coming Woman: A Novel Based on the Life of the Infamous Feminist, Victoria Woodhull",Â£17.93,Sin descripción
The Boys in the Boat: Nine Americans and Their Epic Quest for Gold at the 1936 Berlin Olympics,Â£22.60,Sin descripción
The Black Maria,Â£52.15,Sin descripción
"Starving Hearts (Triangular Trade Trilogy, #1)",Â£13.99,Sin descripción
Shakespeare's Sonnets,Â£20.66,Sin descripción
Set Me Free,Â£17.46,Sin descripción
Scott Pilgrim's Precious Little Life (Scott Pilgrim #1),Â£52.29,Sin descripción
Rip it Up and Start Again,Â£35.02,Sin descripción
"Our Band Could Be Your Life: Scenes from the American Indie Underground, 1981-1991",Â£57.25,Sin descripción
Olio,Â£23.88,Sin descripción
Mesaerion: The Best Science Fiction Stories 1800-1849,Â£37.59,Sin descripción
Libertarianism for Beginners,Â£51.33,Sin descripción
It's Only the Himalayas,Â£45.17,Sin descripción
